model,confidence_score,ptm,iptm,ligand_iptm,protein_iptm,complex_plddt,complex_iplddt,complex_pde,complex_ipde,chains_ptm_0,chains_ptm_1,pair_chains_iptm_0_0,pair_chains_iptm_0_1,pair_chains_iptm_1_0,pair_chains_iptm_1_1
model_0,0.8326100707054138,0.879230260848999,0.9865890145301819,0.9865890145301819,0.0,0.7941153049468994,0.8913339972496033,0.7297983169555664,0.5104800462722778,0.8702875971794128,0.9752117991447449,0.8702875971794128,0.7804128527641296,0.9865890145301819,0.9752117991447449
model_1,0.8295855522155762,0.8887551426887512,0.9880954027175903,0.9880954027175903,0.0,0.789958119392395,0.8797994256019592,0.6813143491744995,0.4775264859199524,0.8805030584335327,0.9720704555511475,0.8805030584335327,0.7839713096618652,0.9880954027175903,0.9720704555511475
model_2,0.829328715801239,0.85231614112854,0.9862871170043945,0.9862871170043945,0.0,0.7900891900062561,0.8898928165435791,0.8585202693939209,0.5168649554252625,0.8402900099754333,0.9754005074501038,0.8402900099754333,0.7588458061218262,0.9862871170043945,0.9754005074501038
model_3,0.8253556489944458,0.9222577214241028,0.9871472120285034,0.9871472120285034,0.0,0.7849077582359314,0.8878546357154846,0.5508370399475098,0.46465927362442017,0.9171078205108643,0.9774740934371948,0.9171078205108643,0.8249969482421875,0.9871472120285034,0.9774740934371948
model_4,0.8249947428703308,0.8742604851722717,0.986998438835144,0.986998438835144,0.0,0.7844938039779663,0.8892581462860107,0.7655157446861267,0.4801386296749115,0.8641981482505798,0.971786379814148,0.8641981482505798,0.7754136919975281,0.986998438835144,0.971786379814148
model_5,0.8244416117668152,0.8379939198493958,0.9859817624092102,0.9859817624092102,0.0,0.784056544303894,0.886346161365509,0.8984662294387817,0.5271891355514526,0.8247103095054626,0.9733877778053284,0.8247103095054626,0.7455423474311829,0.9859817624092102,0.9733877778053284
model_6,0.8243085741996765,0.9064282774925232,0.9846305847167969,0.9846305847167969,0.0,0.7842281460762024,0.8914620876312256,0.6198590993881226,0.5301162600517273,0.9001657962799072,0.971109926700592,0.9001657962799072,0.8035755753517151,0.9846305847167969,0.971109926700592
model_7,0.8235997557640076,0.9102427959442139,0.9875423908233643,0.9875423908233643,0.0,0.7826140522956848,0.8911531567573547,0.60101318359375,0.45946675539016724,0.9036228656768799,0.9767654538154602,0.9036228656768799,0.8128342628479004,0.9875423908233643,0.9767654538154602
model_8,0.8233348727226257,0.8552292585372925,0.9865083694458008,0.9865083694458008,0.0,0.7825414538383484,0.8894062042236328,0.8574146032333374,0.5429155230522156,0.8435178399085999,0.975352942943573,0.8435178399085999,0.7665091156959534,0.9865083694458008,0.975352942943573
model_9,0.822088360786438,0.8266560435295105,0.9840517044067383,0.9840517044067383,0.0,0.7815974950790405,0.8904811143875122,0.9409227967262268,0.5654277801513672,0.8125404119491577,0.9715919494628906,0.8125404119491577,0.7322112321853638,0.9840517044067383,0.9715919494628906
